<?xml version="1.0" encoding="UTF-8"?>
<root>
  <item name="com.haivo.hailibrary.util.ResHelper android.graphics.drawable.Drawable getDrawable(int) 0">
    <annotation name="android.support.annotation.DrawableRes" />
  </item>
  <item name="com.haivo.hailibrary.util.ResHelper int getColor(int) 0">
    <annotation name="android.support.annotation.ColorRes" />
  </item>
  <item name="com.haivo.hailibrary.util.ResHelper int getDimenPixelSize(int) 0">
    <annotation name="android.support.annotation.DimenRes" />
  </item>
  <item name="com.haivo.hailibrary.util.ResHelper int getInteger(int) 0">
    <annotation name="android.support.annotation.IntegerRes" />
  </item>
  <item name="com.haivo.hailibrary.util.ResHelper int[] getIntArray(int) 0">
    <annotation name="android.support.annotation.ArrayRes" />
  </item>
  <item name="com.haivo.hailibrary.util.ResHelper java.lang.String getQuantityString(int, int, java.lang.Object[]) 0">
    <annotation name="android.support.annotation.PluralsRes" />
  </item>
  <item name="com.haivo.hailibrary.util.ResHelper java.lang.String getStringByResId(int) 0">
    <annotation name="android.support.annotation.StringRes" />
  </item>
  <item name="com.haivo.hailibrary.util.ResHelper java.lang.String getStringByResId(int, java.lang.Object[]) 0">
    <annotation name="android.support.annotation.StringRes" />
  </item>
  <item name="com.haivo.hailibrary.util.ResHelper java.lang.String[] getStringArray(int) 0">
    <annotation name="android.support.annotation.ArrayRes" />
  </item>
  <item name="com.haivo.hailibrary.util.ResHelper java.util.ArrayList&lt;java.lang.String&gt; getStringArrayList(int) 0">
    <annotation name="android.support.annotation.ArrayRes" />
  </item>
</root>

